"consumer_id","cdp_dealer_consumer_id"
22458,cdbbaba2-7f68-4aa5-8fcc-6bed9e33c067
22409,f113409d-4241-47d1-a410-8663c441daf7
22410,"894931a9-a78a-406d-8231-4afed88eab5e"
22411,e824565c-eb4a-4bdc-8586-f42fdc6ae3f3
22412,"6ea8b13a-a854-4b36-b508-fa7d8330df02"
22413,c7f17f99-465e-4187-b9cc-2740d57829e2
22414,"1b61035f-d44c-4ab9-be22-6f36eaa6b9f6"
22415,"3aafcded-8a44-4bcc-9a28-50c987852543"
22416,"85108766-d8bf-4ffd-92cb-b428b9f45f07"
22417,"7d3c6913-d216-4762-a8b6-a41cb4caf0df"
22418,cf44aed0-08fc-4836-b3bc-4679fd4f55f0
22419,"10083c1c-d572-4831-ad75-4f8fb9d0fd47"
22420,"7b22215c-c43a-41d1-8f51-f5cc975cbd66"
22421,"71ee2d7e-32e3-48d9-b3b8-ec1d0b903b10"
22422,"9765c0dc-7f0b-40eb-9567-279764cde8e7"
22423,"624dc02b-958b-437a-9fab-e4ddfdb8fba4"
22424,"57b78f9f-539e-4ba7-8b66-4d9d334b4715"
22425,"568a327f-8aa9-4a35-8919-32ca75fcf979"
22426,cda65678-321f-438f-8416-010ac9ab54a6
22427,cf801477-7570-4cf6-93d4-1822aeab249c
22428,"37fe099d-b170-4278-82ad-0a7fa08d6845"
22429,"72361301-7f99-4e62-865f-bc6b99880edc"
22430,"6acda273-be83-45e0-a5d0-1dc9be3c452c"
22431,c229d37f-cd5a-492c-a0b5-45b1f68ad899
22432,"636659a0-2b92-47ca-b506-cf78fcf8086d"
22433,a7ff16a6-1f97-41b4-b779-47475c79893f
22434,"6945ad1d-7b96-4bcb-a121-07332e6e87e8"
22435,"4319bc2e-d143-4c98-94c4-d0a9452bc794"
22436,"42b2b9e9-e2fa-4903-ad42-ee1decc7fb5b"
22437,"10b9b5a5-9b0e-48cd-9395-25bc2b346950"
22438,accdc078-8c02-4525-a6ce-fec40765c9f2
22439,c66d8d47-f08f-4311-bc13-c320fe29ee82
22440,"4622b990-6e6a-4650-ad82-934e11ea57cf"
22441,"42c8e1e5-1a46-4d1e-9948-f1a9a85d3812"
22442,"44f85173-4d86-42dd-90e3-c78c1865c022"
22443,da9df3f8-98dc-45ce-a9ec-9e937d98e9be
22444,fb5b15c7-547f-4d8c-a43c-bc5b75c3aa17
22445,a85c0c02-1a60-46a8-8efc-96812f82aedc
22446,"40164356-cf2a-4875-996b-4f23cd3da8c7"
22447,"3ea7eff9-d254-4e9a-892e-d0ef4cbefc01"
22448,"563baddf-159a-413f-bac9-338860e3508f"
22449,e041dc85-b069-4f4f-9fad-7ca73dae76e6
22450,"777e1f9f-1887-4b5f-98c0-c6bd819a4350"
22451,"013fe1a5-9f89-4105-add0-4b318ebbf056"
22452,"1026fcff-a7b5-44a5-9b23-3d2e35c2099e"
22453,"17da3358-0150-409c-ba40-635a91ba2e6d"
22454,"17cc1201-63f7-4b09-b1de-9850b17b7c5e"
22455,"915df5cb-7c52-485e-ab0e-41ddb37516ff"
22456,f269fb4b-badb-4111-9550-c23108c53a6d
22457,b076f5ef-03e1-42e9-8cc2-a257b46a4605
